N,Total memory (hybrid),Total memory (downward),Total memory (matrix),Time to factor (hybrid),Time to factor (downward),Time to factor (matrix),Rows at leaf level (hybrid),Rows at leaf level (downward),Rows at leaf level (matrix)
32,161664,502986,1385020,0.313724994659424,1.78655195236206,0.441839933395386,13,16,121
64,,4418804,,,0.429337024688721,,,19,
128,2671926,40856541,46352507,1.26684069633484,0.945540904998779,7.10852408409119,14,23,135
256,,402706313,,,3.03112840652466,,,30,
512,42179227,4267580321,1138623646,17.9746723175049,15.2569587230682,164.737899303436,13,43,138
1024,,48296891956,,,74.3347783088684,,,68,
2048,667598563,571362997565,24774436605,330.432007074356,389.895697832108,4932.27213382721,14,113,139
