N,Total memory (hybrid),Total memory (downward),Total memory (hybrid translation invariant),Total memory (matrix),Time to factor (hybrid),Time to factor (downward),Time to factor (hybrid translation invariant),Time to factor (matrix),Rows at leaf level (hybrid),Rows at leaf level (downward),Rows at leaf level (hybrid translation invariant),Rows at leaf level (matrix)
32,375372,255611,375372,1385020,0.444287061691284,0.470347881317139,0.3073410987854,0.441839933395386,13,16,13,121
64,,1308382,,,,1.29833436012268,,,,19,,
128,6501688,7075185,6595761,46352507,10.5737533569336,3.66625475883484,0.982986211776733,7.10852408409119,14,23,14,135
256,,43578272,,,,16.1427836418152,,,,30,,
512,100506248,306901887,102760294,1138623646,150.149112701416,72.3259403705597,14.5996875762939,164.737899303436,14,43,14,138
1024,,2515205257,,,,354.560533046722,,,,69,,
2048,1573727140,23518580677,1614096820,24774436605,2473.91403698921,1818.34293317795,387.848064661026,4932.27213382721,14,117,14,139
