N,Total memory (hybrid),Time to factor (hybrid),Rows at leaf level (hybrid)
32,8291185353,3.0529613494873,13
128,1946444659996,489.865348100662,13
